Country,Effect,Item 1,Item 2,A1,B1,A2,B2,OR,p-value,OR2,Significance,Contrast,Sample Size,Significant,LogOR,Significance2,LogOR_difference,Replicates
Bulgaria,Certainty Effect,1,2,23.0,104.0,72.0,55.0,0.16893696581196582,2.4254159261793634e-10,5.919367588932806,True,1 vs 2,127.0,Yes,-1.7782296169958074,1.0,-1.3437963818824756,Yes
Bulgaria,Certainty Effect,3,4,15.0,112.0,65.0,62.0,0.12774725274725274,1.0807560769063429e-11,7.827956989247313,True,3 vs 4,127.0,Yes,-2.05770155504343,1.0,0.04078037034492832,Yes
Bulgaria,Certainty Effect,7,8,109.0,18.0,76.0,51.0,4.06359649122807,4.697617631551864e-06,4.06359649122807,True,7 vs 8,127.0,Yes,1.4020684167709736,1.0,-1.3028518913223088,Yes
Bulgaria,Reflection Effect,3,7,15.0,112.0,109.0,18.0,0.02211664482306684,5.761813128028639e-35,45.214814814814815,True,3 vs 7,127.0,Yes,-3.8114247945258635,1.0,0.03866385643122516,Yes
Bulgaria,Reflection Effect,4,8,65.0,62.0,76.0,51.0,0.7035229202037352,0.20664196229921558,1.421417797888386,False,4 vs 8,127.0,No,-0.3516548227114597,0.0,-1.3007353774086057,No
Bulgaria,Reflection Effect,5,9,16.0,111.0,103.0,24.0,0.03358698504329572,9.452093714350805e-30,29.7734375,True,5 vs 9,127.0,Yes,-3.3936166369542433,1.0,-0.9536460052832987,Yes
Bulgaria,Reflection Effect,6,10,82.0,45.0,71.0,56.0,1.437245696400626,0.19971247745561815,1.437245696400626,False,6 vs 10,127.0,No,0.36272857118776713,0.0,-1.4510098047590634,No
Bulgaria,Reflection Effect,16,17,79.0,48.0,77.0,50.0,1.0687229437229437,0.8974808062606869,1.0687229437229437,False,16 vs 17,127.0,No,0.0664644251335928,0.0,-2.498484932327944,No
Bulgaria,Isolation Effect,4,11,65.0,62.0,21.0,106.0,5.291858678955453,6.790727001138512e-09,5.291858678955453,True,4 vs 11,127.0,Yes,1.6661695412391897,1.0,-0.2309504436466916,Yes
Bulgaria,Overweighting of small probabilities,5,6,16.0,111.0,82.0,45.0,0.07910349373764008,5.024270569877187e-18,12.641666666666666,True,5 vs 6,127.0,Yes,-2.536998236566486,1.0,-0.28965770694357085,Yes
Bulgaria,Overweighting of small probabilities,9,10,103.0,24.0,71.0,56.0,3.384976525821596,2.371506459415856e-05,3.384976525821596,True,9 vs 10,127.0,Yes,1.2193469715755239,1.0,-2.1149981030987908,Yes
Bulgaria,Framing Effect,12,13,34.0,93.0,83.0,44.0,0.19380748801658246,9.433348390081932e-10,5.15975935828877,True,12 vs 13,127.0,Yes,-1.6408899424154313,1.0,-0.8443773926785532,Yes
Bulgaria,Range Adaptation,14,15,26.0,101.0,82.0,45.0,0.14127022458343394,1.1518631778459554e-12,7.078632478632479,True,14 vs 15,127.0,Yes,-1.9570807363137108,1.0,-0.4455878152373174,Yes
Hong Kong,Certainty Effect,1,2,36.0,124.0,116.0,44.0,0.11012235817575083,1.5429197763849838e-19,9.080808080808081,True,1 vs 2,160.0,Yes,-2.20616318433703,1.0,-0.9158628145412528,Yes
Hong Kong,Certainty Effect,3,4,30.0,130.0,98.0,62.0,0.14599686028257458,6.586141057008566e-15,6.849462365591397,True,3 vs 4,160.0,Yes,-1.9241701624189074,1.0,-0.09275102227959442,Yes
Hong Kong,Certainty Effect,7,8,114.0,46.0,69.0,91.0,3.268431001890359,5.575264780429902e-07,3.268431001890359,True,7 vs 8,160.0,Yes,1.184310053824991,1.0,-1.5206102542682913,Yes
Hong Kong,Reflection Effect,3,7,30.0,130.0,114.0,46.0,0.0931174089068826,1.0573831437424896e-21,10.739130434782608,True,3 vs 7,160.0,Yes,-2.3738941206988273,1.0,-1.398866817395811,Yes
Hong Kong,Reflection Effect,4,8,98.0,62.0,69.0,91.0,2.0846189808321647,0.0016847963322068342,2.0846189808321647,True,4 vs 8,160.0,Yes,0.734586095545071,1.0,-0.214494459152075,Yes
Hong Kong,Reflection Effect,5,9,33.0,127.0,111.0,49.0,0.1147052564375399,9.262265398065748e-19,8.71799628942486,True,5 vs 9,160.0,Yes,-2.1653894281938184,1.0,-2.1818732140437236,Yes
Hong Kong,Reflection Effect,6,10,108.0,52.0,68.0,92.0,2.8099547511312215,1.0606911582648916e-05,2.8099547511312215,True,6 vs 10,160.0,Yes,1.033168380415726,1.0,-0.7805699955311045,Yes
Hong Kong,Reflection Effect,16,17,96.0,64.0,74.0,86.0,1.7432432432432432,0.018507918213727804,1.7432432432432432,True,16 vs 17,160.0,Yes,0.5557473111575023,1.0,-2.0092020463040345,Yes
Hong Kong,Isolation Effect,4,11,98.0,62.0,41.0,119.0,4.587726199842644,1.6824114916401248e-10,4.587726199842644,True,4 vs 11,160.0,Yes,1.523384520032702,1.0,-0.3737354648531792,Yes
Hong Kong,Overweighting of small probabilities,5,6,33.0,127.0,108.0,52.0,0.12510936132983377,1.8134612332113115e-17,7.9930069930069925,True,5 vs 6,160.0,Yes,-2.0785670335349034,1.0,-0.7480889099751535,Yes
Hong Kong,Overweighting of small probabilities,9,10,111.0,49.0,68.0,92.0,3.064825930372149,1.95697719579834e-06,3.064825930372149,True,9 vs 10,160.0,Yes,1.1199907750746412,1.0,-2.2143542995996732,Yes
Hong Kong,Framing Effect,12,13,43.0,117.0,111.0,49.0,0.16223916223916224,2.6977514720090986e-14,6.163739914570479,True,12 vs 13,160.0,Yes,-1.8186837223059011,1.0,-0.6665836127880833,Yes
Hong Kong,Range Adaptation,14,15,35.0,113.0,85.0,69.0,0.2514315460697553,2.4190037529012924e-08,3.977225672877847,True,14 vs 15,160.0,Yes,-1.380584509115984,1.0,-1.0220840424350441,Yes
Mainland China,Certainty Effect,1,2,49.0,210.0,161.0,98.0,0.14202898550724638,4.016566785521284e-24,7.040816326530612,True,1 vs 2,259.0,Yes,-1.951724118920733,1.0,-1.17030187995755,Yes
Mainland China,Certainty Effect,3,4,63.0,196.0,175.0,84.0,0.15428571428571428,2.4845439967985925e-23,6.481481481481482,True,3 vs 4,259.0,Yes,-1.8689491079191851,1.0,-0.14797207677931667,Yes
Mainland China,Certainty Effect,7,8,213.0,46.0,125.0,134.0,4.963826086956522,3.537999378638368e-16,4.963826086956522,True,7 vs 8,259.0,Yes,1.6021768318689404,1.0,-1.102743476224342,Yes
Mainland China,Reflection Effect,3,7,63.0,196.0,213.0,46.0,0.06941649899396378,8.452637687439255e-42,14.405797101449275,True,3 vs 7,259.0,Yes,-2.6676307020593146,1.0,-1.1051302360353237,Yes
Mainland China,Reflection Effect,4,8,175.0,84.0,125.0,134.0,2.2333333333333334,1.2142236216265545e-05,2.2333333333333334,True,4 vs 8,259.0,Yes,0.8034952377288107,1.0,-0.14558531696833532,Yes
Mainland China,Reflection Effect,5,9,63.0,196.0,183.0,76.0,0.13348946135831383,1.3861396608948843e-26,7.491228070175438,True,5 vs 9,259.0,Yes,-2.0137327453940745,1.0,-2.3335298968434675,Yes
Mainland China,Reflection Effect,6,10,197.0,62.0,131.0,128.0,3.1046540261019455,2.3693673664937507e-09,3.1046540261019455,True,6 vs 10,259.0,Yes,1.1329022844113625,1.0,-0.6808360915354679,Yes
Mainland China,Reflection Effect,16,17,157.0,102.0,118.0,141.0,1.8392323030907278,0.000804484187556615,1.8392323030907278,True,16 vs 17,259.0,Yes,0.6093482579765405,1.0,-1.9556010994849964,Yes
Mainland China,Isolation Effect,4,11,175.0,84.0,77.0,182.0,4.924242424242424,6.079744470666451e-18,4.924242424242424,True,4 vs 11,259.0,Yes,1.594170440303312,1.0,-0.3029495445825694,Yes
Mainland China,Overweighting of small probabilities,5,6,63.0,196.0,197.0,62.0,0.10116026105873821,5.074017087574881e-33,9.885304659498209,True,5 vs 6,259.0,Yes,-2.2910492765318815,1.0,-0.5356066669781754,Yes
Mainland China,Overweighting of small probabilities,9,10,183.0,76.0,131.0,128.0,2.3527521092808357,4.141573756152545e-06,2.3527521092808357,True,9 vs 10,259.0,Yes,0.8555857532735555,1.0,-2.478759321400759,Yes
Mainland China,Framing Effect,12,13,89.0,170.0,195.0,64.0,0.17182503770739066,4.917632156825499e-21,5.819873595505618,True,12 vs 13,259.0,Yes,-1.7612785425221968,1.0,-0.7239887925717876,Yes
Mainland China,Range Adaptation,14,15,72.0,167.0,156.0,101.0,0.27913403961308153,9.459953632334385e-12,3.5825082508250823,True,14 vs 15,259.0,Yes,-1.2760631838089773,1.0,-1.126605367742051,Yes
Denmark,Certainty Effect,1,2,30.0,120.0,89.0,61.0,0.17134831460674158,3.486418543564523e-12,5.836065573770492,True,1 vs 2,150.0,Yes,-1.7640568666787193,1.0,-1.3579691321995637,Yes
Denmark,Certainty Effect,3,4,15.0,135.0,69.0,81.0,0.13043478260869565,2.3219859514001526e-12,7.666666666666667,True,3 vs 4,150.0,Yes,-2.03688192726104,1.0,0.019960742562538325,Yes
Denmark,Certainty Effect,7,8,121.0,29.0,71.0,79.0,4.642544924720738,2.324026025618914e-09,4.642544924720738,True,7 vs 8,150.0,Yes,1.5352626910359732,1.0,-1.1696576170573092,Yes
Denmark,Reflection Effect,3,7,15.0,135.0,121.0,29.0,0.02662993572084481,1.0463245840902829e-37,37.55172413793103,True,3 vs 7,150.0,Yes,-3.6257192929464863,1.0,-0.147041645148152,Yes
Denmark,Reflection Effect,4,8,69.0,81.0,71.0,79.0,0.9478351591027647,0.9078947276454066,1.055035773252614,False,4 vs 8,150.0,No,-0.053574674649473325,0.0,-1.0026552293466193,No
Denmark,Reflection Effect,5,9,12.0,138.0,125.0,25.0,0.017391304347826087,2.2534452278369607e-43,57.5,True,5 vs 9,150.0,Yes,-4.051784947803305,1.0,-0.2954776944342372,Yes
Denmark,Reflection Effect,6,10,92.0,58.0,50.0,100.0,3.1724137931034484,1.838383438517881e-06,3.1724137931034484,True,6 vs 10,150.0,Yes,1.1544927470625663,1.0,-0.6592456288842641,Yes
Denmark,Reflection Effect,16,17,90.0,60.0,59.0,91.0,2.3135593220338984,0.0005110414835844397,2.3135593220338984,True,16 vs 17,150.0,Yes,0.838787170719295,1.0,-1.7261621867422416,Yes
Denmark,Isolation Effect,4,11,69.0,81.0,17.0,133.0,6.664488017429194,2.484104616435544e-11,6.664488017429194,True,4 vs 11,150.0,Yes,1.8967931340903583,1.0,-0.00032685079552297047,Yes
Denmark,Overweighting of small probabilities,5,6,12.0,138.0,92.0,58.0,0.054820415879017016,1.2170812634094808e-23,18.241379310344826,True,5 vs 6,150.0,Yes,-2.903692601871825,1.0,0.07703665836176832,Yes
Denmark,Overweighting of small probabilities,9,10,125.0,25.0,50.0,100.0,10.0,6.036004970268344e-19,10.0,True,9 vs 10,150.0,Yes,2.302585092994046,1.0,-1.0317599816802687,Yes
Denmark,Framing Effect,12,13,44.0,106.0,88.0,62.0,0.29245283018867924,4.7070272307706055e-07,3.4193548387096775,True,12 vs 13,150.0,Yes,-1.2294518896269209,1.0,-1.2558154454670636,Yes
Denmark,Range Adaptation,14,15,27.0,123.0,79.0,71.0,0.19728311207162705,3.988104913161389e-10,5.068857589984351,True,14 vs 15,150.0,Yes,-1.6231154647937944,1.0,-0.7795530867572338,Yes
Belgium,Certainty Effect,1,2,37.0,155.0,124.0,68.0,0.13090530697190428,1.102011918997164e-19,7.639109697933226,True,1 vs 2,192.0,Yes,-2.033281064703952,1.0,-1.088744934174331,Yes
Belgium,Certainty Effect,3,4,24.0,168.0,94.0,98.0,0.14893617021276595,5.4526376628876835e-15,6.714285714285714,True,3 vs 4,192.0,Yes,-1.9042374526547454,1.0,-0.11268373204375637,Yes
Belgium,Certainty Effect,7,8,160.0,32.0,98.0,94.0,4.795918367346939,1.6589060348608873e-11,4.795918367346939,True,7 vs 8,192.0,Yes,1.5677652160335325,1.0,-1.13715509205975,Yes
Belgium,Reflection Effect,3,7,24.0,168.0,160.0,32.0,0.02857142857142857,1.1601748263656204e-47,35.0,True,3 vs 7,192.0,Yes,-3.5553480614894135,1.0,-0.2174128766052248,Yes
Belgium,Reflection Effect,4,8,94.0,98.0,98.0,94.0,0.920033319450229,0.7595096911291898,1.0869171570846536,False,4 vs 8,192.0,No,-0.08334539280113608,0.0,-1.0324259474982822,No
Belgium,Reflection Effect,5,9,14.0,178.0,159.0,33.0,0.016323934704261182,7.516428737163651e-56,61.25974025974026,True,5 vs 9,192.0,Yes,-4.115122861430578,1.0,-0.23213978080696407,Yes
Belgium,Reflection Effect,6,10,126.0,66.0,73.0,119.0,3.112079701120797,9.135102962917682e-08,3.112079701120797,True,6 vs 10,192.0,Yes,1.1352912168881908,1.0,-0.6784471590586396,Yes
Belgium,Reflection Effect,16,17,89.0,103.0,85.0,107.0,1.0877213021130783,0.7584804891917571,1.0877213021130783,False,16 vs 17,192.0,No,0.0840849594740938,0.0,-2.480864397987443,No
Belgium,Isolation Effect,4,11,94.0,98.0,26.0,166.0,6.124018838304552,4.846272387780467e-14,6.124018838304552,True,4 vs 11,192.0,Yes,1.812218553934493,1.0,-0.08490143095138825,Yes
Belgium,Overweighting of small probabilities,5,6,14.0,178.0,126.0,66.0,0.04119850187265917,3.5075022621645865e-35,24.272727272727273,True,5 vs 6,192.0,Yes,-3.189353385601879,1.0,0.3626974420918221,Yes
Belgium,Overweighting of small probabilities,9,10,159.0,33.0,73.0,119.0,7.854296388542964,1.2183924919079097e-19,7.854296388542964,True,9 vs 10,192.0,Yes,2.0610606927168895,1.0,-1.273284381957425,Yes
Belgium,Framing Effect,12,13,53.0,139.0,125.0,67.0,0.20437410071942447,1.926482868857519e-13,4.892987890735004,True,12 vs 13,192.0,Yes,-1.5878031374899049,1.0,-0.8974641976040796,Yes
Belgium,Range Adaptation,14,15,51.0,140.0,122.0,69.0,0.2060304449648712,3.282805842664361e-13,4.853651605569764,True,14 vs 15,192.0,Yes,-1.5797313300209757,1.0,-0.8229372215300526,Yes
Australia,Certainty Effect,1,2,126.0,156.0,199.0,83.0,0.3368766911480479,6.713510471305567e-10,2.968445209409065,True,1 vs 2,282.0,Yes,-1.0880383172259536,1.0,-2.0339876816523295,Yes
Australia,Certainty Effect,3,4,43.0,239.0,148.0,134.0,0.1628972068302612,3.628862368636101e-21,6.138840680319334,True,3 vs 4,282.0,Yes,-1.814635910051152,1.0,-0.2022852746473498,Yes
Australia,Certainty Effect,7,8,196.0,86.0,122.0,160.0,2.9889439573008008,4.4884502574678385e-10,2.9889439573008008,True,7 vs 8,282.0,Yes,1.09492013347758,1.0,-1.6100001746157024,Yes
Australia,Reflection Effect,3,7,43.0,239.0,196.0,86.0,0.07894287422081804,1.0701550911210241e-40,12.66738777717685,True,3 vs 7,282.0,Yes,-2.5390307992149577,1.0,-1.2337301388796806,Yes
Australia,Reflection Effect,4,8,148.0,134.0,122.0,160.0,1.448495228774162,0.03499926525062115,1.448495228774162,True,4 vs 8,282.0,Yes,0.37052524431377404,1.0,-0.578555310383372,Yes
Australia,Reflection Effect,5,9,27.0,255.0,230.0,52.0,0.0239386189258312,7.162014238377893e-73,41.77350427350427,True,5 vs 9,282.0,Yes,-3.732262269495865,1.0,-0.6150003727416768,Yes
Australia,Reflection Effect,6,10,190.0,92.0,96.0,186.0,4.001358695652174,2.666488421387204e-15,4.001358695652174,True,6 vs 10,282.0,Yes,1.3866339773568108,1.0,-0.4271043985900196,Yes
Australia,Reflection Effect,16,17,179.0,103.0,103.0,179.0,3.020171552455462,2.1062522807607511e-10,3.020171552455462,True,16 vs 17,282.0,Yes,1.1053136352222384,1.0,-1.4596357222392984,Yes
Australia,Isolation Effect,4,11,148.0,134.0,41.0,241.0,6.492173279941754,4.334372613993642e-22,6.492173279941754,True,4 vs 11,282.0,Yes,1.8705973405995509,1.0,-0.026522644286330443,Yes
Australia,Overweighting of small probabilities,5,6,27.0,255.0,190.0,92.0,0.05126934984520124,1.494972582018258e-48,19.504830917874393,True,5 vs 6,282.0,Yes,-2.970662174265543,1.0,0.1440062307554859,Yes
Australia,Overweighting of small probabilities,9,10,230.0,52.0,96.0,186.0,8.569711538461538,4.02794752232367e-31,8.569711538461538,True,9 vs 10,282.0,Yes,2.148234072587133,1.0,-1.1861110020871815,Yes
Australia,Framing Effect,12,13,74.0,208.0,149.0,133.0,0.31756582343830664,1.3741669759187446e-10,3.1489534647429385,True,12 vs 13,282.0,Yes,-1.1470701642208536,1.0,-1.3381971708731308,Yes
Australia,Range Adaptation,14,15,41.0,217.0,155.0,123.0,0.14993310539616472,1.568093357422067e-22,6.669641086654768,True,14 vs 15,282.0,Yes,-1.8975660483829808,1.0,-0.5051025031680474,Yes
Ireland,Certainty Effect,1,2,36.0,220.0,147.0,109.0,0.12133580705009277,2.350490138644987e-25,8.241590214067278,True,1 vs 2,256.0,Yes,-2.109193312445844,1.0,-1.0128326864324388,Yes
Ireland,Certainty Effect,3,4,20.0,236.0,108.0,148.0,0.11613308223477715,3.5915949937075896e-20,8.610810810810811,True,3 vs 4,256.0,Yes,-2.1530184848317235,1.0,0.13609730013322174,Yes
Ireland,Certainty Effect,7,8,214.0,42.0,156.0,100.0,3.266178266178266,1.2993946769145439e-08,3.266178266178266,True,7 vs 8,256.0,Yes,1.1836205754770375,1.0,-1.521299732616245,Yes
Ireland,Reflection Effect,3,7,20.0,236.0,214.0,42.0,0.016632345952795818,2.2586100027675733e-74,60.12380952380953,True,3 vs 7,256.0,Yes,-4.096405928210102,1.0,0.3236449901154641,Yes
Ireland,Reflection Effect,4,8,108.0,148.0,156.0,100.0,0.4677754677754678,3.080061873765336e-05,2.1377777777777776,True,4 vs 8,256.0,Yes,-0.759766867901341,0.0,-1.7088474225984869,No
Ireland,Reflection Effect,5,9,14.0,242.0,208.0,48.0,0.013350286077558804,4.682407397928548e-76,74.90476190476191,True,5 vs 9,256.0,Yes,-4.316217465334855,1.0,-0.031045176902686933,Yes
Ireland,Reflection Effect,6,10,154.0,102.0,119.0,137.0,1.7381776239907727,0.002562183896276933,1.7381776239907727,True,6 vs 10,256.0,Yes,0.5528372218459535,1.0,-1.260901154100877,Yes
Ireland,Reflection Effect,16,17,121.0,135.0,115.0,141.0,1.0989371980676328,0.6575949196761317,1.0989371980676328,False,16 vs 17,256.0,No,0.0943435291732298,0.0,-2.4706058282883068,No
Ireland,Isolation Effect,4,11,108.0,148.0,26.0,230.0,6.455301455301456,6.147683396558325e-17,6.455301455301456,True,4 vs 11,256.0,Yes,1.864901724261818,1.0,-0.0322182606240633,Yes
Ireland,Overweighting of small probabilities,5,6,14.0,242.0,154.0,102.0,0.03831705484598046,1.2693081678924002e-43,26.098039215686278,True,5 vs 6,256.0,Yes,-3.261860185670786,1.0,0.43520424216072895,Yes
Ireland,Overweighting of small probabilities,9,10,208.0,48.0,119.0,137.0,4.988795518207283,2.057862085102695e-16,4.988795518207283,True,9 vs 10,256.0,Yes,1.6071945015100226,1.0,-1.727150573164292,Yes
Ireland,Framing Effect,12,13,45.0,211.0,158.0,98.0,0.13228148059271702,4.735551414402533e-25,7.559637188208617,True,12 vs 13,256.0,Yes,-2.0228231980621416,1.0,-0.46244413703184284,Yes
Ireland,Range Adaptation,14,15,31.0,144.0,172.0,67.0,0.08385820413436693,6.00003912724556e-29,11.924891670678864,True,14 vs 15,256.0,Yes,-2.4786279525133414,1.0,0.07595940096231324,Yes
UK,Certainty Effect,1,2,91.0,199.0,172.0,118.0,0.31371976159869114,1.8532944978091637e-11,3.187558204507357,True,1 vs 2,290.0,Yes,-1.1592551705554306,1.0,-1.9627708283228524,Yes
UK,Certainty Effect,3,4,28.0,262.0,143.0,147.0,0.10985960604281216,7.49591734376381e-27,9.102526724975704,True,3 vs 4,290.0,Yes,-2.2085520370670637,1.0,0.19163085236856192,Yes
UK,Certainty Effect,7,8,218.0,72.0,122.0,168.0,4.169398907103825,5.717176955457982e-16,4.169398907103825,True,7 vs 8,290.0,Yes,1.427771878443036,1.0,-1.2771484296502464,Yes
UK,Reflection Effect,3,7,28.0,262.0,218.0,72.0,0.035296589397016596,1.9964820374113635e-62,28.33134920634921,True,3 vs 7,290.0,Yes,-3.3439689373589268,1.0,-0.42879200073571155,Yes
UK,Reflection Effect,4,8,143.0,147.0,122.0,168.0,1.3395784543325526,0.09540457929397755,1.3395784543325526,False,4 vs 8,290.0,No,0.2923549781511733,0.0,-0.6567255765459727,No
UK,Reflection Effect,5,9,21.0,269.0,236.0,54.0,0.017862768571608595,6.613521200992601e-81,55.982363315696645,True,5 vs 9,290.0,Yes,-4.025036700339752,1.0,-0.3222259418977904,Yes
UK,Reflection Effect,6,10,185.0,105.0,114.0,176.0,2.7201336675020884,5.0927023984399414e-09,2.7201336675020884,True,6 vs 10,290.0,Yes,1.0006810215644577,1.0,-0.8130573543823727,Yes
UK,Reflection Effect,16,17,176.0,114.0,96.0,194.0,3.1198830409356724,3.7178954907514234e-11,3.1198830409356724,True,16 vs 17,290.0,Yes,1.1377955142391483,1.0,-1.4271538432223885,Yes
UK,Isolation Effect,4,11,143.0,147.0,44.0,246.0,5.438775510204081,7.330888293995371e-19,5.438775510204081,True,4 vs 11,290.0,Yes,1.6935539454952726,1.0,-0.2035660393906087,Yes
UK,Overweighting of small probabilities,5,6,21.0,269.0,185.0,105.0,0.04430824876921531,5.187327851285164e-50,22.56916099773243,True,5 vs 6,290.0,Yes,-3.1165844167992174,1.0,0.2899284732891605,Yes
UK,Overweighting of small probabilities,9,10,236.0,54.0,114.0,176.0,6.747238466536712,1.1726414817607724e-25,6.747238466536712,True,9 vs 10,290.0,Yes,1.909133305104992,1.0,-1.4252117695693227,Yes
UK,Framing Effect,12,13,55.0,235.0,167.0,123.0,0.17237864696139635,5.13640086445784e-22,5.801182557280119,True,12 vs 13,290.0,Yes,-1.7580617859560257,1.0,-0.7272055491379588,Yes
UK,Range Adaptation,14,15,31.0,222.0,199.0,86.0,0.060346778939743766,1.912206788256298e-44,16.570892723180794,True,14 vs 15,290.0,Yes,-2.807647705858118,1.0,0.40497915430708975,Yes
USA,Certainty Effect,1,2,61.0,182.0,144.0,99.0,0.23042582417582416,2.629562764360427e-14,4.339791356184799,True,1 vs 2,243.0,Yes,-1.467826272344895,1.0,-1.654199726533388,Yes
USA,Certainty Effect,3,4,23.0,220.0,105.0,138.0,0.13740259740259742,8.600038743379807e-18,7.277882797731569,True,3 vs 4,243.0,Yes,-1.9848399954235305,1.0,-0.03208118927497128,Yes
USA,Certainty Effect,7,8,188.0,55.0,126.0,117.0,3.174025974025974,5.451940356138628e-09,3.174025974025974,True,7 vs 8,243.0,Yes,1.1550008054437564,1.0,-1.549919502649526,Yes
USA,Reflection Effect,3,7,23.0,220.0,188.0,55.0,0.030585106382978722,3.1850948789221517e-56,32.69565217391305,True,3 vs 7,243.0,Yes,-3.4872421080206903,1.0,-0.28551883007394796,Yes
USA,Reflection Effect,4,8,105.0,138.0,126.0,117.0,0.7065217391304348,0.06915985752445546,1.4153846153846152,False,4 vs 8,243.0,No,-0.34740130715340317,0.0,-1.2964818618505491,No
USA,Reflection Effect,5,9,23.0,220.0,198.0,45.0,0.023760330578512397,4.925232075115741e-63,42.08695652173913,True,5 vs 9,243.0,Yes,-3.7397378713474274,1.0,-0.6075247708901146,Yes
USA,Reflection Effect,6,10,152.0,91.0,104.0,139.0,2.232459847844463,1.844106854012261e-05,2.232459847844463,True,6 vs 10,243.0,Yes,0.8031040483187454,1.0,-1.0106343276280851,Yes
USA,Reflection Effect,16,17,97.0,146.0,108.0,135.0,0.8304794520547946,0.35836288383551984,1.2041237113402061,False,16 vs 17,243.0,No,-0.18575209189074382,0.0,-2.7507014493522806,No
USA,Isolation Effect,4,11,105.0,138.0,36.0,207.0,4.375,5.0701240210757854e-12,4.375,True,4 vs 11,243.0,Yes,1.4759065198095778,1.0,-0.42121346507630353,Yes
USA,Overweighting of small probabilities,5,6,23.0,220.0,152.0,91.0,0.06258971291866029,2.1342840787272114e-36,15.97706641184902,True,5 vs 6,243.0,Yes,-2.771154344752638,1.0,-0.05550159875741878,Yes
USA,Overweighting of small probabilities,9,10,198.0,45.0,104.0,139.0,5.880769230769231,8.768935746566168e-19,5.880769230769231,True,9 vs 10,243.0,Yes,1.7716875749135346,1.0,-1.56265749976078,Yes
USA,Framing Effect,12,13,43.0,200.0,163.0,80.0,0.10552147239263804,4.243054287477516e-29,9.476744186046512,True,12 vs 13,243.0,Yes,-2.248840816987355,1.0,-0.2364265181066294,Yes
USA,Range Adaptation,14,15,31.0,212.0,139.0,104.0,0.10940681417130446,1.2003430109500856e-25,9.140198511166254,True,14 vs 15,243.0,Yes,-2.2126821041761855,1.0,-0.18998644737484272,Yes
Austria,Certainty Effect,1,2,22.0,89.0,61.0,50.0,0.20261558298029103,9.105589131302836e-08,4.9354545454545455,True,1 vs 2,111.0,Yes,-1.5964447751189892,1.0,-1.5255812237592938,Yes
Austria,Certainty Effect,3,4,10.0,101.0,46.0,65.0,0.13990529487731382,2.6379008471713677e-08,7.147692307692307,True,3 vs 4,111.0,Yes,-1.9667895504406716,1.0,-0.05013163425783018,Yes
Austria,Certainty Effect,7,8,92.0,19.0,51.0,60.0,5.696594427244582,1.176755561138864e-08,5.696594427244582,True,7 vs 8,111.0,Yes,1.7398685273803747,1.0,-0.9650517807129078,Yes
Austria,Reflection Effect,3,7,10.0,101.0,92.0,19.0,0.020447696943607405,7.034369852157496e-31,48.90526315789474,True,3 vs 7,111.0,Yes,-3.8898850217298135,1.0,0.11712408363517524,Yes
Austria,Reflection Effect,4,8,46.0,65.0,51.0,60.0,0.832579185520362,0.5884476835683423,1.201086956521739,False,4 vs 8,111.0,No,-0.18322694390876715,0.0,-1.1323074986059132,No
Austria,Reflection Effect,5,9,14.0,97.0,90.0,21.0,0.03367697594501718,4.347296505913219e-26,29.69387755102041,True,5 vs 9,111.0,Yes,-3.3909408814949664,1.0,-0.9563217607425756,Yes
Austria,Reflection Effect,6,10,73.0,38.0,42.0,69.0,3.156015037593985,5.049588675418707e-05,3.156015037593985,True,6 vs 10,111.0,Yes,1.1493101677358963,1.0,-0.6644282082109341,Yes
Austria,Reflection Effect,16,17,62.0,49.0,49.0,62.0,1.6009995835068722,0.10702217327316642,1.6009995835068722,False,16 vs 17,111.0,No,0.47062817386892997,0.0,-2.0943211835926068,No
Austria,Isolation Effect,4,11,46.0,65.0,9.0,102.0,8.02051282051282,7.587242148440739e-09,8.02051282051282,True,4 vs 11,111.0,Yes,2.0820023625415094,1.0,0.1848823776556281,Yes
Austria,Overweighting of small probabilities,5,6,14.0,97.0,73.0,38.0,0.07513063126677023,1.7303491597384418e-16,13.310150375939848,True,5 vs 6,111.0,Yes,-2.5885269303101297,1.0,-0.2381290131999272,Yes
Austria,Overweighting of small probabilities,9,10,90.0,21.0,42.0,69.0,7.040816326530612,5.848286422445727e-11,7.040816326530612,True,9 vs 10,111.0,Yes,1.951724118920733,1.0,-1.3826209557535816,Yes
Austria,Framing Effect,12,13,21.0,90.0,69.0,42.0,0.14202898550724638,5.848286422445726e-11,7.040816326530612,True,12 vs 13,111.0,Yes,-1.951724118920733,1.0,-0.5335432161732514,Yes
Austria,Range Adaptation,14,15,16.0,95.0,72.0,39.0,0.0912280701754386,8.330283867734643e-15,10.961538461538462,True,14 vs 15,111.0,Yes,-2.3943926422471686,1.0,-0.008275909303859574,Yes
Germany,Certainty Effect,1,2,109.0,218.0,227.0,100.0,0.22026431718061673,2.13730955007577e-20,4.54,True,1 vs 2,327.0,Yes,-1.5129270120532567,1.0,-1.6090989868250263,Yes
Germany,Certainty Effect,3,4,46.0,281.0,173.0,154.0,0.1457223376463086,1.2272624194209447e-26,6.862365894974591,True,3 vs 4,327.0,Yes,-1.9260522649288006,1.0,-0.09086891976970124,Yes
Germany,Certainty Effect,7,8,252.0,75.0,166.0,161.0,3.2587951807228914,2.9798027144762195e-12,3.2587951807228914,True,7 vs 8,327.0,Yes,1.1813575506030325,1.0,-1.52356275749025,Yes
Germany,Reflection Effect,3,7,46.0,281.0,252.0,75.0,0.04872055583799356,5.63711343299088e-63,20.52521739130435,True,3 vs 7,327.0,Yes,-3.0216542468197636,1.0,-0.7511066912748747,Yes
Germany,Reflection Effect,4,8,173.0,154.0,166.0,161.0,1.089539978094195,0.6387081164938102,1.089539978094195,False,4 vs 8,327.0,No,0.08575556871206959,0.0,-0.8633249859850765,No
Germany,Reflection Effect,5,9,29.0,298.0,268.0,59.0,0.021423920665130724,2.251272697103123e-87,46.67679719462302,True,5 vs 9,327.0,Yes,-3.8432471931240677,1.0,-0.5040154491134743,Yes
Germany,Reflection Effect,6,10,218.0,109.0,126.0,201.0,3.1904761904761907,7.312914818707987e-13,3.1904761904761907,True,6 vs 10,327.0,Yes,1.1601701816675432,1.0,-0.6535681942792873,Yes
Germany,Reflection Effect,16,17,162.0,165.0,151.0,176.0,1.1443708609271523,0.4337800553154121,1.1443708609271523,False,16 vs 17,327.0,No,0.13485501955503093,0.0,-2.430094337906506,No
Germany,Isolation Effect,4,11,173.0,154.0,56.0,271.0,5.436340445269017,3.854102533179571e-22,5.436340445269017,True,4 vs 11,327.0,Yes,1.6931061222287014,1.0,-0.2040138626571799,Yes
Germany,Overweighting of small probabilities,5,6,29.0,298.0,218.0,109.0,0.04865771812080537,1.0280725912630505e-56,20.551724137931036,True,5 vs 6,327.0,Yes,-3.022944837078876,1.0,0.19628889356881896,Yes
Germany,Overweighting of small probabilities,9,10,268.0,59.0,126.0,201.0,7.246166263115415,1.2907769228051614e-30,7.246166263115415,True,9 vs 10,327.0,Yes,1.980472537712735,1.0,-1.3538725369615796,Yes
Germany,Framing Effect,12,13,94.0,233.0,191.0,136.0,0.28726153293036427,2.335658704978998e-14,3.481148310387985,True,12 vs 13,327.0,Yes,-1.2473622136062745,1.0,-1.23790512148771,Yes
Germany,Range Adaptation,14,15,49.0,278.0,199.0,128.0,0.11337261848812408,6.980828572745856e-35,8.82047193877551,True,14 vs 15,327.0,Yes,-2.177075376384886,1.0,-0.2255931751661424,Yes
Hungary,Certainty Effect,1,2,62.0,181.0,128.0,115.0,0.3077520718232044,1.1413350325083248e-09,3.2493688639551195,True,1 vs 2,243.0,Yes,-1.1784607817771013,1.0,-1.9435652171011817,Yes
Hungary,Certainty Effect,3,4,28.0,215.0,129.0,114.0,0.11508923742563548,1.7496461882579294e-23,8.68890977443609,True,3 vs 4,243.0,Yes,-2.1620474739196354,1.0,0.14512628922113358,Yes
Hungary,Certainty Effect,7,8,202.0,41.0,133.0,110.0,4.074821199339813,1.4330423311921817e-11,4.074821199339813,True,7 vs 8,243.0,Yes,1.4048268682675595,1.0,-1.300093439825723,Yes
Hungary,Reflection Effect,3,7,28.0,215.0,202.0,41.0,0.026433341008519455,1.2482262471693823e-61,37.83101045296168,True,3 vs 7,243.0,Yes,-3.6331291486493558,1.0,-0.13963178944528254,Yes
Hungary,Reflection Effect,4,8,129.0,114.0,133.0,110.0,0.9358923624851603,0.7848868923609107,1.0684989429175475,False,4 vs 8,243.0,No,-0.06625480646216088,0.0,-1.015335361159307,No
Hungary,Reflection Effect,5,9,20.0,223.0,199.0,44.0,0.019830092164860175,1.5738420459341275e-66,50.42840909090909,True,5 vs 9,243.0,Yes,-3.9205546887123592,1.0,-0.42670795352518276,Yes
Hungary,Reflection Effect,6,10,166.0,77.0,106.0,137.0,2.786326880666503,5.985485457847553e-08,2.786326880666503,True,6 vs 10,243.0,Yes,1.024724198218917,1.0,-0.7890141777279134,Yes
Hungary,Reflection Effect,16,17,151.0,92.0,105.0,138.0,2.157142857142857,4.13837242126551e-05,2.157142857142857,True,16 vs 17,243.0,Yes,0.7687845947655653,1.0,-1.7961647626959714,Yes
Hungary,Isolation Effect,4,11,129.0,114.0,32.0,211.0,7.4613486842105265,2.4198577471984215e-21,7.4613486842105265,True,4 vs 11,243.0,Yes,2.009736186643517,1.0,0.11261620175763554,Yes
Hungary,Overweighting of small probabilities,5,6,20.0,223.0,166.0,77.0,0.041601383110919016,8.522181127482049e-46,24.037662337662336,True,5 vs 6,243.0,Yes,-3.179621864408987,1.0,0.3529659208989302,Yes
Hungary,Overweighting of small probabilities,9,10,199.0,44.0,106.0,137.0,5.84541166380789,1.5685097050447669e-18,5.84541166380789,True,9 vs 10,243.0,Yes,1.765657022522289,1.0,-1.5686880521520257,Yes
Hungary,Framing Effect,12,13,53.0,190.0,147.0,96.0,0.18216970998925885,3.2630350533111053e-18,5.48938679245283,True,12 vs 13,243.0,Yes,-1.7028165539192643,1.0,-0.7824507811747201,Yes
Hungary,Range Adaptation,14,15,34.0,209.0,144.0,99.0,0.1118421052631579,5.688502270287027e-26,8.941176470588236,True,14 vs 15,243.0,Yes,-2.1906671767900603,1.0,-0.21200137476096792,Yes
Italy,Certainty Effect,1,2,80.0,221.0,195.0,106.0,0.1967745678152918,3.430628340932417e-21,5.081957547169812,True,1 vs 2,301.0,Yes,-1.625696531295551,1.0,-1.496329467582732,Yes
Italy,Certainty Effect,3,4,40.0,261.0,137.0,164.0,0.18346058114495065,1.8819538433505308e-18,5.450762195121951,True,3 vs 4,301.0,Yes,-1.6957554512126836,1.0,-0.32116573348581823,Yes
Italy,Certainty Effect,7,8,244.0,57.0,165.0,136.0,3.5283359914938863,5.8240457770743064e-12,3.5283359914938863,True,7 vs 8,301.0,Yes,1.260826369294123,1.0,-1.4440939387991594,Yes
Italy,Reflection Effect,3,7,40.0,261.0,244.0,57.0,0.03580177124552478,1.8301628126740583e-67,27.931578947368422,True,3 vs 7,301.0,Yes,-3.329757910667409,1.0,-0.4430030274272294,Yes
Italy,Reflection Effect,4,8,137.0,164.0,165.0,136.0,0.6885439763488544,0.027661147773635986,1.4523400601116359,True,4 vs 8,301.0,Yes,-0.37317609016060205,0.0,-1.322256644857748,No
Italy,Reflection Effect,5,9,28.0,273.0,231.0,70.0,0.03108003108003108,1.3100873913232633e-68,32.175,True,5 vs 9,301.0,Yes,-3.4711897534821903,1.0,-0.8760728887553517,Yes
Italy,Reflection Effect,6,10,204.0,97.0,133.0,168.0,2.6565382528486166,7.704516765518174e-09,2.6565382528486166,True,6 vs 10,301.0,Yes,0.9770238665223387,1.0,-0.8367145094244917,Yes
Italy,Reflection Effect,16,17,167.0,134.0,122.0,179.0,1.8285417176413017,0.00032383088795242003,1.8285417176413017,True,16 vs 17,301.0,Yes,0.6035187735733422,1.0,-1.9614305838881947,Yes
Italy,Isolation Effect,4,11,137.0,164.0,36.0,265.0,6.149220867208672,2.942100700009729e-20,6.149220867208672,True,4 vs 11,301.0,Yes,1.8163253855340387,1.0,-0.08079459935184263,Yes
Italy,Overweighting of small probabilities,5,6,28.0,273.0,204.0,97.0,0.048768225238813474,5.262207562013858e-53,20.505154639175256,True,5 vs 6,301.0,Yes,-3.020676300350589,1.0,0.19402035684053232,Yes
Italy,Overweighting of small probabilities,9,10,231.0,70.0,133.0,168.0,4.168421052631579,2.9311065440747624e-16,4.168421052631579,True,9 vs 10,301.0,Yes,1.4275373196539396,1.0,-1.906807755020375,Yes
Italy,Framing Effect,12,13,96.0,205.0,157.0,144.0,0.42951685567811093,6.613428426998075e-07,2.328197337962963,True,12 vs 13,301.0,Yes,-0.8450942934428793,1.0,-1.6401730416511051,Yes
Italy,Range Adaptation,14,15,51.0,250.0,179.0,122.0,0.1390391061452514,1.40980145505387e-27,7.192221150755384,True,14 vs 15,301.0,Yes,-1.9730000462454191,1.0,-0.42966850530560907,Yes
Norway,Certainty Effect,1,2,40.0,186.0,111.0,115.0,0.22280344860990023,1.4422112056927202e-12,4.4882608695652175,True,1 vs 2,226.0,Yes,-1.501465292548349,1.0,-1.620560706329934,Yes
Norway,Certainty Effect,3,4,16.0,210.0,106.0,120.0,0.0862533692722372,8.22552982998052e-23,11.59375,True,3 vs 4,226.0,Yes,-2.4504661598077084,1.0,0.43354497510920664,Yes
Norway,Certainty Effect,7,8,189.0,37.0,101.0,125.0,6.321915975381322,3.232914504259898e-18,6.321915975381322,True,7 vs 8,226.0,Yes,1.8440223228764596,1.0,-0.8608979852168228,Yes
Norway,Reflection Effect,3,7,16.0,210.0,189.0,37.0,0.014915595867976821,1.706196426318666e-67,67.04391891891892,True,3 vs 7,226.0,Yes,-4.205347910893106,1.0,0.43258697279846725,Yes
Norway,Reflection Effect,4,8,106.0,120.0,101.0,125.0,1.0932343234323432,0.7057555159428519,1.0932343234323432,False,4 vs 8,226.0,No,0.08914057179106276,0.0,-0.8599399829060833,No
Norway,Reflection Effect,5,9,15.0,211.0,190.0,36.0,0.013469693190321775,2.515856229994845e-69,74.24074074074075,True,5 vs 9,226.0,Yes,-4.307313066078232,1.0,-0.03994957615930961,Yes
Norway,Reflection Effect,6,10,145.0,81.0,79.0,147.0,3.3309892170651665,7.402816739587626e-10,3.3309892170651665,True,6 vs 10,226.0,Yes,1.2032693220598505,1.0,-0.6104690538869799,Yes
Norway,Reflection Effect,16,17,171.0,55.0,74.0,152.0,6.386240786240786,3.165839350016247e-20,6.386240786240786,True,16 vs 17,226.0,Yes,1.8541457989122956,1.0,-0.7108035585492412,Yes
Norway,Isolation Effect,4,11,106.0,120.0,25.0,201.0,7.102,1.6223854546389952e-17,7.102,True,4 vs 11,226.0,Yes,1.9603764345208963,1.0,0.06325644963501498,Yes
Norway,Overweighting of small probabilities,5,6,15.0,211.0,145.0,81.0,0.03971237130250041,8.463951375627513e-41,25.181069958847736,True,5 vs 6,226.0,Yes,-3.226092520121992,1.0,0.3994365766119352,Yes
Norway,Overweighting of small probabilities,9,10,190.0,36.0,79.0,147.0,9.820675105485233,2.736032034513833e-27,9.820675105485233,True,9 vs 10,226.0,Yes,2.284489868016091,1.0,-1.0498552066582234,Yes
Norway,Framing Effect,12,13,62.0,164.0,145.0,81.0,0.21118587047939444,4.781725739711993e-15,4.735165272799682,True,12 vs 13,226.0,Yes,-1.5550166305272426,1.0,-0.9302507045667419,Yes
Norway,Range Adaptation,14,15,39.0,166.0,136.0,85.0,0.14683734939759036,1.7006356342543513e-19,6.810256410256411,True,14 vs 15,226.0,Yes,-1.9184297714726324,1.0,-0.4842387800783958,Yes
Serbia,Certainty Effect,1,2,79.0,167.0,161.0,85.0,0.24974894930635624,1.6639623446166078e-13,4.004020848845867,True,1 vs 2,246.0,Yes,-1.3872990684438802,1.0,-1.7347269304344028,Yes
Serbia,Certainty Effect,3,4,43.0,203.0,146.0,100.0,0.14508401376611108,5.05897011283107e-22,6.892558139534883,True,3 vs 4,246.0,Yes,-1.93044229906847,1.0,-0.08647888563003181,Yes
Serbia,Certainty Effect,7,8,203.0,43.0,137.0,109.0,3.7560685791885926,1.3809097330312535e-10,3.7560685791885926,True,7 vs 8,246.0,Yes,1.3233728197492436,1.0,-1.3815474883440388,Yes
Serbia,Reflection Effect,3,7,43.0,203.0,203.0,43.0,0.04486883933121406,2.1215855417477053e-50,22.287182260681448,True,3 vs 7,246.0,Yes,-3.10401172669645,1.0,-0.6687492113981883,Yes
Serbia,Reflection Effect,4,8,146.0,100.0,137.0,109.0,1.1616058394160584,0.4656526523123229,1.1616058394160584,False,4 vs 8,246.0,No,0.1498033921212639,0.0,-0.7992771625758821,No
Serbia,Reflection Effect,5,9,55.0,191.0,174.0,72.0,0.11915508214479148,1.2397826492271817e-27,8.392424242424243,True,5 vs 9,246.0,Yes,-2.1273294230126325,1.0,-2.2199332192249095,Yes
Serbia,Reflection Effect,6,10,174.0,72.0,114.0,132.0,2.7982456140350878,5.675281956927886e-08,2.7982456140350878,True,6 vs 10,246.0,Yes,1.0289926543903491,1.0,-0.7847457215564813,Yes
Serbia,Reflection Effect,16,17,166.0,80.0,124.0,122.0,2.041532258064516,0.00016521669743030956,2.041532258064516,True,16 vs 17,246.0,Yes,0.7137006328108813,1.0,-1.8512487246506555,Yes
Serbia,Isolation Effect,4,11,146.0,100.0,47.0,199.0,6.181702127659574,3.231708795380595e-20,6.181702127659574,True,4 vs 11,246.0,Yes,1.8215936587346788,1.0,-0.07552632615120247,Yes
Serbia,Overweighting of small probabilities,5,6,55.0,191.0,174.0,72.0,0.11915508214479148,1.2397826492271817e-27,8.392424242424243,True,5 vs 6,246.0,Yes,-2.1273294230126325,1.0,-0.6993265204974244,Yes
Serbia,Overweighting of small probabilities,9,10,174.0,72.0,114.0,132.0,2.7982456140350878,5.675281956927886e-08,2.7982456140350878,True,9 vs 10,246.0,Yes,1.0289926543903491,1.0,-2.3053524202839655,Yes
Serbia,Framing Effect,12,13,77.0,169.0,150.0,96.0,0.29159763313609466,5.3874785221042e-11,3.429383116883117,True,12 vs 13,246.0,Yes,-1.2323803956978092,1.0,-1.2528869393961752,Yes
Serbia,Range Adaptation,14,15,55.0,180.0,153.0,88.0,0.1757443718228032,5.599065127969574e-19,5.690082644628099,True,14 vs 15,246.0,Yes,-1.7387247725719683,1.0,-0.6639437789790599,Yes
Slovenia,Certainty Effect,1,2,50.0,152.0,132.0,70.0,0.17444178628389154,2.0414661835272594e-16,5.732571428571429,True,1 vs 2,202.0,Yes,-1.7461641959551422,1.0,-1.3758618029231409,Yes
Slovenia,Certainty Effect,3,4,35.0,167.0,113.0,89.0,0.16506809390069418,5.572936280638322e-16,6.0581059390048155,True,3 vs 4,202.0,Yes,-1.8013971999075422,1.0,-0.21552398479095958,Yes
Slovenia,Certainty Effect,7,8,153.0,49.0,108.0,94.0,2.7176870748299318,4.13481545546745e-06,2.7176870748299318,True,7 vs 8,202.0,Yes,0.999781178427593,1.0,-1.7051391296656895,Yes
Slovenia,Reflection Effect,3,7,35.0,167.0,153.0,49.0,0.06712066063950531,1.8610970779955928e-33,14.898542274052478,True,3 vs 7,202.0,Yes,-2.7012633742091503,1.0,-1.071497563885488,Yes
Slovenia,Reflection Effect,4,8,113.0,89.0,108.0,94.0,1.105076987099459,0.6893672054067816,1.105076987099459,False,4 vs 8,202.0,No,0.09991500412598493,0.0,-0.849165550571161,No
Slovenia,Reflection Effect,5,9,21.0,181.0,158.0,44.0,0.03230995174487727,1.9355465445222307e-46,30.95021645021645,True,5 vs 9,202.0,Yes,-3.4323799926511085,1.0,-0.9148826495864335,Yes
Slovenia,Reflection Effect,6,10,123.0,79.0,111.0,91.0,1.2764283270612384,0.26760612688278995,1.2764283270612384,False,6 vs 10,202.0,No,0.24406580810991188,0.0,-1.5696725678369186,No
Slovenia,Reflection Effect,16,17,118.0,84.0,85.0,117.0,1.9336134453781513,0.0014217168327672093,1.9336134453781513,True,16 vs 17,202.0,Yes,0.6593905039297908,1.0,-1.9055588535317458,Yes
Slovenia,Isolation Effect,4,11,113.0,89.0,44.0,158.0,4.559244126659857,2.099559478923937e-12,4.559244126659857,True,4 vs 11,202.0,Yes,1.5171568480889064,1.0,-0.3799631367969749,Yes
Slovenia,Overweighting of small probabilities,5,6,21.0,181.0,123.0,79.0,0.07451825899474464,1.3863006825969e-27,13.419529837251357,True,5 vs 6,202.0,Yes,-2.5967110964477986,1.0,-0.22994484706225826,Yes
Slovenia,Overweighting of small probabilities,9,10,158.0,44.0,111.0,91.0,2.9438984438984437,1.0242468681191609e-06,2.9438984438984437,True,9 vs 10,202.0,Yes,1.0797347043132215,1.0,-2.2546103703610934,Yes
Slovenia,Framing Effect,12,13,65.0,137.0,112.0,90.0,0.3812565172054223,3.594233934440106e-06,2.622905982905983,True,12 vs 13,202.0,Yes,-0.9642828568973173,1.0,-1.520984478196667,Yes
Slovenia,Range Adaptation,14,15,34.0,167.0,116.0,86.0,0.1509395003097254,1.7507971863604447e-17,6.625170998632011,True,14 vs 15,202.0,Yes,-1.8908761826534506,1.0,-0.5117923688975776,Yes
Chile,Certainty Effect,1,2,27.0,118.0,82.0,63.0,0.17579578338156263,2.8250663068859507e-11,5.688418577307466,True,1 vs 2,145.0,Yes,-1.738432279334056,1.0,-1.383593719544227,Yes
Chile,Certainty Effect,3,4,15.0,130.0,69.0,76.0,0.12709030100334448,1.6650547604965639e-12,7.868421052631579,True,3 vs 4,145.0,Yes,-2.0628574136643008,1.0,0.045936228965798964,Yes
Chile,Certainty Effect,7,8,120.0,25.0,81.0,64.0,3.7925925925925927,9.835742719421259e-07,3.7925925925925927,True,7 vs 8,145.0,Yes,1.3330498466010783,1.0,-1.3718704614922042,Yes
Chile,Reflection Effect,3,7,15.0,130.0,120.0,25.0,0.02403846153846154,3.2298825754401513e-38,41.599999999999994,True,3 vs 7,145.0,Yes,-3.7281001672672174,1.0,-0.044660770827420926,Yes
Chile,Reflection Effect,4,8,69.0,76.0,81.0,64.0,0.7173489278752436,0.19604742742509423,1.3940217391304348,False,4 vs 8,145.0,No,-0.3321929070018387,0.0,-1.2812734616989847,No
Chile,Reflection Effect,5,9,14.0,131.0,112.0,33.0,0.03148854961832061,1.3646980442281348e-33,31.75757575757576,True,5 vs 9,145.0,Yes,-3.458131303414507,1.0,-0.8891313388230349,Yes
Chile,Reflection Effect,6,10,88.0,57.0,73.0,72.0,1.5227108868060562,0.09788875207671591,1.5227108868060562,False,6 vs 10,145.0,No,0.42049222451132046,0.0,-1.39324615143551,No
Chile,Reflection Effect,16,17,65.0,80.0,78.0,67.0,0.6979166666666666,0.15858297162777213,1.4328358208955225,False,16 vs 17,145.0,No,-0.3596555720768702,0.0,-2.924604929538407,No
Chile,Isolation Effect,4,11,69.0,76.0,24.0,121.0,4.577302631578948,1.9409860908786097e-08,4.577302631578948,True,4 vs 11,145.0,Yes,1.5211098795597238,1.0,-0.37601010532615753,Yes
Chile,Overweighting of small probabilities,5,6,14.0,131.0,88.0,57.0,0.06922276197085357,1.0751220601688968e-20,14.446115288220552,True,5 vs 6,145.0,Yes,-2.6704255402295494,1.0,-0.15623040328050752,Yes
Chile,Overweighting of small probabilities,9,10,112.0,33.0,73.0,72.0,3.347447073474471,2.8527787122285006e-06,3.347447073474471,True,9 vs 10,145.0,Yes,1.2081979876962785,1.0,-2.126147086978036,Yes
Chile,Framing Effect,12,13,24.0,121.0,102.0,43.0,0.08361691784151677,6.250656701965882e-21,11.959302325581396,True,12 vs 13,145.0,Yes,-2.4815094128395043,1.0,-0.0037579222544801283,Yes
Chile,Range Adaptation,14,15,15.0,130.0,94.0,51.0,0.06260229132569559,8.419618323481039e-23,15.973856209150325,True,14 vs 15,145.0,Yes,-2.7709533988990502,1.0,0.368284847348022,Yes
Spain,Certainty Effect,1,2,55.0,144.0,132.0,67.0,0.19386574074074073,1.0647997753067621e-14,5.158208955223881,True,1 vs 2,199.0,Yes,-1.6405894175389346,1.0,-1.4814365813393484,Yes
Spain,Certainty Effect,3,4,22.0,177.0,110.0,89.0,0.10056497175141244,1.1937534480574124e-21,9.9438202247191,True,3 vs 4,199.0,Yes,-2.2969512752757897,1.0,0.2800300905772879,Yes
Spain,Certainty Effect,7,8,151.0,48.0,94.0,105.0,3.5139627659574466,5.872352688061332e-09,3.5139627659574466,True,7 vs 8,199.0,Yes,1.2567443937945528,1.0,-1.4481759142987296,Yes
Spain,Reflection Effect,3,7,22.0,177.0,151.0,48.0,0.0395106072510944,8.89473475340741e-42,25.30965909090909,True,3 vs 7,199.0,Yes,-3.231186105122547,1.0,-0.5415748329720915,Yes
Spain,Reflection Effect,4,8,110.0,89.0,94.0,105.0,1.380588094668898,0.13241849518309678,1.380588094668898,False,4 vs 8,199.0,No,0.3225095639477959,0.0,-0.6265709907493502,No
Spain,Reflection Effect,5,9,23.0,176.0,173.0,26.0,0.01964004203888597,1.6875540344260334e-56,50.91638795986622,True,5 vs 9,199.0,Yes,-3.930184835585299,1.0,-0.41707780665224314,Yes
Spain,Reflection Effect,6,10,123.0,76.0,91.0,108.0,1.9207634470792365,0.0017931897713746843,1.9207634470792365,True,6 vs 10,199.0,Yes,0.6527227356934561,1.0,-1.1610156402533742,Yes
Spain,Reflection Effect,16,17,122.0,77.0,88.0,111.0,1.9985242030696577,0.0008988362571762972,1.9985242030696577,True,16 vs 17,199.0,Yes,0.6924090097137005,1.0,-1.8725403477478362,Yes
Spain,Isolation Effect,4,11,110.0,89.0,34.0,165.0,5.998017184401851,1.6078049449226927e-15,5.998017184401851,True,4 vs 11,199.0,Yes,1.7914289453446957,1.0,-0.10569103954118564,Yes
Spain,Overweighting of small probabilities,5,6,23.0,176.0,123.0,76.0,0.08074648928307465,1.7261167296115204e-26,12.384439359267734,True,5 vs 6,199.0,Yes,-2.5164407941950886,1.0,-0.3102151493149683,Yes
Spain,Overweighting of small probabilities,9,10,173.0,26.0,91.0,108.0,7.89687235841082,1.20188088816524e-18,7.89687235841082,True,9 vs 10,199.0,Yes,2.0664667770836664,1.0,-1.2678782975906482,Yes
Spain,Framing Effect,12,13,33.0,166.0,130.0,69.0,0.10551436515291937,1.0670114630731943e-23,9.477382520860782,True,12 vs 13,199.0,Yes,-2.248908172748386,1.0,-0.2363591623455985,Yes
Spain,Range Adaptation,14,15,31.0,152.0,132.0,66.0,0.10197368421052631,1.775945256200968e-23,9.806451612903226,True,14 vs 15,199.0,Yes,-2.2830404969210756,1.0,-0.11962805462995263,Yes
Sweden,Certainty Effect,1,2,31.0,108.0,79.0,60.0,0.2180028129395218,5.391636830780589e-09,4.587096774193548,True,1 vs 2,139.0,Yes,-1.5232473128839943,1.0,-1.5987786859942887,Yes
Sweden,Certainty Effect,3,4,10.0,129.0,63.0,76.0,0.09351544235265165,1.7047655073856374e-13,10.69342105263158,True,3 vs 4,139.0,Yes,-2.369628697472828,1.0,0.3527075127743262,Yes
Sweden,Certainty Effect,7,8,113.0,26.0,62.0,77.0,5.397642679900744,2.839656398904176e-10,5.397642679900744,True,7 vs 8,139.0,Yes,1.6859623174994507,1.0,-1.0189579905938317,Yes
Sweden,Reflection Effect,3,7,10.0,129.0,113.0,26.0,0.01783631748645126,3.139521522088594e-39,56.065384615384616,True,3 vs 7,139.0,Yes,-4.026518592058485,1.0,0.25375765396384686,Yes
Sweden,Reflection Effect,4,8,63.0,76.0,62.0,77.0,1.0294991511035654,1.0,1.0294991511035654,False,4 vs 8,139.0,No,0.029072422913793916,0.0,-0.9200081317833522,No
Sweden,Reflection Effect,5,9,3.0,136.0,108.0,31.0,0.006331699346405229,9.60748651504067e-44,157.93548387096774,True,5 vs 9,139.0,Yes,-5.062186619707016,1.0,0.714923977469474,Yes
Sweden,Reflection Effect,6,10,85.0,54.0,53.0,86.0,2.5541579315164222,0.00018910054945647212,2.5541579315164222,True,6 vs 10,139.0,Yes,0.9377225926274281,1.0,-0.8760157833194023,Yes
Sweden,Reflection Effect,16,17,84.0,55.0,42.0,97.0,3.5272727272727273,6.464211764831379e-07,3.5272727272727273,True,16 vs 17,139.0,Yes,1.2605249738308573,1.0,-1.3044243836306795,Yes
Sweden,Isolation Effect,4,11,63.0,76.0,22.0,117.0,4.408492822966507,1.2723113671652142e-07,4.408492822966507,True,4 vs 11,139.0,Yes,1.483532867544642,1.0,-0.4135871173412393,Yes
Sweden,Overweighting of small probabilities,5,6,3.0,136.0,85.0,54.0,0.014013840830449827,1.0982482722838965e-29,71.35802469135803,True,5 vs 6,139.0,Yes,-4.2677098069939845,1.0,1.4410538634839276,Yes
Sweden,Overweighting of small probabilities,9,10,108.0,31.0,53.0,86.0,5.653073645769933,2.7748539398144083e-11,5.653073645769933,True,9 vs 10,139.0,Yes,1.7321994053404592,1.0,-1.6021456693338554,Yes
Sweden,Framing Effect,12,13,35.0,104.0,65.0,74.0,0.3831360946745562,0.000270158217899586,2.61003861003861,True,12 vs 13,139.0,Yes,-0.9593650143434264,1.0,-1.525902320750558,Yes
Sweden,Range Adaptation,14,15,20.0,119.0,81.0,58.0,0.12034443406992426,1.7419215743023157e-14,8.30948275862069,True,14 vs 15,139.0,Yes,-2.117397363683558,1.0,-0.2852711878674703,Yes
